{"num_classes": [2, 6, 10, 14, 18, 22, 26, 30, 34, 38, 42, 46, 50, 54, 58, 62], "acc": [1.0, 1.0, 1.0, 1.0, 1.0, 1.0, 1.0, 1.0, 1.0, 1.0, 1.0, 1.0, 1.0, 1.0, 1.0, 1.0], "probs": [[0.07589086145162582, 0.996455729007721], [0.08404802531003952, 0.9538117051124573, 0.9398152828216553, 0.9516146779060364, 0.9814642071723938, 0.9769743084907532], [0.16387106478214264, 0.9467562437057495, 0.676182746887207, 0.5646349191665649, 0.984295129776001, 0.6997942924499512, 0.9909428954124451, 0.08116137981414795, 0.09859001636505127, 0.680999219417572], [0.7210496664047241, 0.8776469826698303, 0.9380748867988586, 0.9270859956741333, 0.9632026553153992, 0.9859241843223572, 0.990043044090271, 0.10618024319410324, 0.06846670806407928, 0.7030561566352844, 0.8688160181045532, 0.7111480236053467, 0.7220498919487, 0.8505417108535767], [0.05357353761792183, 0.9913641214370728, 0.8781933188438416, 0.9803565144538879, 0.9952436089515686, 0.9033644795417786, 0.9851232171058655, 0.8652047514915466, 0.6971597075462341, 0.895591139793396, 0.9548839926719666, 0.9138321280479431, 0.9789782166481018, 0.9196937084197998, 0.9612160921096802, 0.9207049608230591, 0.8178552389144897, 0.9142460823059082], [0.43376830220222473, 0.4504658281803131, 0.7157204747200012, 0.3764154613018036, 0.7422593832015991, 0.6240913271903992, 0.9641768932342529, 0.5819206833839417, 0.21742896735668182, 0.9834655523300171, 0.8363158106803894, 0.8095195889472961, 0.923750102519989, 0.7251858115196228, 0.8759667277336121, 0.8329185843467712, 0.7465853691101074, 0.9248718619346619, 0.8490163683891296, 0.3020206093788147, 0.90889972448349, 0.9207161664962769], [0.0876794382929802, 0.23358605802059174, 0.6114509701728821, 0.6784435510635376, 0.849393904209137, 0.9791021943092346, 0.9298650026321411, 0.3720967769622803, 0.08470550179481506, 0.9388028383255005, 0.9732406139373779, 0.9445531964302063, 0.7710008025169373, 0.6878497004508972, 0.8497900366783142, 0.9037427306175232, 0.7054086327552795, 0.8791672587394714, 0.8657834529876709, 0.247092604637146, 0.8980357050895691, 0.5051503777503967, 0.8917151689529419, 0.6496534943580627, 0.8624830842018127, 0.9633010029792786], [0.07317658513784409, 0.2427958995103836, 0.6903337240219116, 0.7559264302253723, 0.8737648129463196, 0.980441689491272, 0.9449145197868347, 0.7076366543769836, 0.16700276732444763, 0.9748165011405945, 0.8621748089790344, 0.9489873647689819, 0.9225806593894958, 0.7152451276779175, 0.8928873538970947, 0.8237178325653076, 0.656950831413269, 0.5963308811187744, 0.7813006639480591, 0.6181218028068542, 0.9042074084281921, 0.7190119028091431, 0.8494279384613037, 0.802017092704773, 0.7935852408409119, 0.954243540763855, 0.36565810441970825, 0.9174476265907288, 0.9603951573371887, 0.558445394039154], [0.8087009191513062, 0.5097189545631409, 0.8106850981712341, 0.6610248684883118, 0.7967675924301147, 0.5783513188362122, 0.9485522508621216, 0.8970187306404114, 0.8637838959693909, 0.9214287400245667, 0.7684352397918701, 0.973115086555481, 0.7300036549568176, 0.6909778714179993, 0.8265538811683655, 0.711209237575531, 0.486948698759079, 0.584926962852478, 0.6074507236480713, 0.29864728450775146, 0.913253128528595, 0.884451150894165, 0.9520143866539001, 0.9676876068115234, 0.859277606010437, 0.9318119287490845, 0.1971239447593689, 0.7278324365615845, 0.9602979421615601, 0.13109399378299713, 0.953164279460907, 0.9537078142166138, 0.19145306944847107, 0.20225085318088531], [0.36371371150016785, 0.9096143245697021, 0.801744282245636, 0.908512532711029, 0.9351358413696289, 0.979459822177887, 0.9292704463005066, 0.9687203764915466, 0.9660155773162842, 0.9555593729019165, 0.9056342244148254, 0.9647720456123352, 0.9335860013961792, 0.9794880747795105, 0.8418924808502197, 0.947594940662384, 0.8481621742248535, 0.47644180059432983, 0.9596907496452332, 0.636285126209259, 0.9554348587989807, 0.8437125086784363, 0.9712104797363281, 0.9782796502113342, 0.9713956713676453, 0.9221141338348389, 0.1916019171476364, 0.8575348854064941, 0.9430314302444458, 0.21323756873607635, 0.9672136306762695, 0.9525992274284363, 0.9386439919471741, 0.8271517753601074, 0.9538871049880981, 0.8868502378463745, 0.9667026996612549, 0.9665812849998474], [0.09623662382364273, 0.9530803561210632, 0.48702335357666016, 0.4867168664932251, 0.6733298301696777, 0.8708263039588928, 0.8904297947883606, 0.9458860158920288, 0.8875285983085632, 0.9532785415649414, 0.24447844922542572, 0.9630623459815979, 0.2557361125946045, 0.9219825267791748, 0.9328886270523071, 0.9532501697540283, 0.9363985061645508, 0.659808337688446, 0.5670954585075378, 0.3016044497489929, 0.8659313917160034, 0.840365469455719, 0.954979419708252, 0.9813903570175171, 0.8069245219230652, 0.8674976825714111, 0.2960529625415802, 0.7042948007583618, 0.9754696488380432, 0.359793484210968, 0.8971872329711914, 0.9158942103385925, 0.8316658735275269, 0.9726992845535278, 0.9566311836242676, 0.7742230296134949, 0.9014553427696228, 0.9391912221908569, 0.9345324635505676, 0.9826439023017883, 0.757381021976471, 0.9170817136764526], [0.41978082060813904, 0.7233235239982605, 0.670732855796814, 0.4130823016166687, 0.7509046792984009, 0.9168969988822937, 0.9560139179229736, 0.8921858668327332, 0.958799421787262, 0.08403962105512619, 0.6234867572784424, 0.8895589709281921, 0.5122924447059631, 0.38374656438827515, 0.5950937867164612, 0.6343935132026672, 0.23585572838783264, 0.438347727060318, 0.8790785670280457, 0.17506900429725647, 0.7712147831916809, 0.9519379734992981, 0.9486299157142639, 0.9092659950256348, 0.5916411876678467, 0.9162541031837463, 0.6049889326095581, 0.8293510675430298, 0.6747569441795349, 0.3686141073703766, 0.984001874923706, 0.9522650837898254, 0.932878315448761, 0.8414970636367798, 0.9230168461799622, 0.9099879860877991, 0.9064006805419922, 0.972485363483429, 0.9479231238365173, 0.9962424039840698, 0.8451698422431946, 0.8908509612083435, 0.9473823308944702, 0.9531641602516174, 0.5341829657554626, 0.9768324494361877], [0.8885105848312378, 0.9691036939620972, 0.7875571250915527, 0.9602744579315186, 0.891692042350769, 0.9230518937110901, 0.9647201299667358, 0.9613783955574036, 0.9392269849777222, 0.9885237812995911, 0.9329186677932739, 0.9919884204864502, 0.9525346755981445, 0.9827137589454651, 0.9882233738899231, 0.9391626119613647, 0.8132796287536621, 0.9303476810455322, 0.8604217767715454, 0.6888515949249268, 0.9023187160491943, 0.776687502861023, 0.9101051092147827, 0.7527074217796326, 0.9750739336013794, 0.9391977190971375, 0.2252381592988968, 0.8699260950088501, 0.9889310002326965, 0.09084375202655792, 0.9394767880439758, 0.9389147758483887, 0.9811397194862366, 0.9876198768615723, 0.9762566089630127, 0.9435171484947205, 0.9467020034790039, 0.9624709486961365, 0.9442257285118103, 0.9883231520652771, 0.891485333442688, 0.9366584420204163, 0.9870132803916931, 0.9334514737129211, 0.9181561470031738, 0.9924148917198181, 0.9390527606010437, 0.9633642435073853, 0.9682479500770569, 0.9696542620658875], [0.1345045566558838, 0.9656016230583191, 0.3895086944103241, 0.943760871887207, 0.7591813206672668, 0.9179237484931946, 0.9583964347839355, 0.9462177157402039, 0.900559663772583, 0.9645389914512634, 0.9559242129325867, 0.9535173773765564, 0.9533271789550781, 0.9876125454902649, 0.9532829523086548, 0.9152511358261108, 0.9160345792770386, 0.9020774960517883, 0.950928807258606, 0.7124857902526855, 0.9350575804710388, 0.8947184085845947, 0.8821794986724854, 0.9628937244415283, 0.9375845193862915, 0.909195601940155, 0.5396690368652344, 0.8927749395370483, 0.9578256011009216, 0.7751180529594421, 0.9186223745346069, 0.9527733325958252, 0.9477893710136414, 0.7954328656196594, 0.9539254903793335, 0.6443752646446228, 0.857674241065979, 0.9101225733757019, 0.889876127243042, 0.9815449714660645, 0.8441846370697021, 0.8887049555778503, 0.9779812693595886, 0.6005133986473083, 0.938136875629425, 0.8560684323310852, 0.9674037098884583, 0.9602351188659668, 0.9425556659698486, 0.9509661197662354, 0.7766701579093933, 0.9845539927482605, 